{
    "params": {
        "beta": 0.95,
        "alpha": 14.244897959183673,
        "rho": 0.16122448979591839,
        "c_exit": 0.941211535498795,
        "c_war": 0.7106712869265739,
        "c_mono": 4.516332141579354,
        "p": 0.22543709469271112
    },
    "V_A_Fight": -0.19564875680575813,
    "V_A_Exit": -0.16844618825393476,
    "V_B_Fight": -0.08355664389467395,
    "V_B_Exit": -0.0929454178379101
}